AlgName,Mean,Median
a_star,2.24064456476907,0.707106781186549
dijkstra,3.10620349067813,4
voronoi_plan,39.5556809940588,40.1274169979695
gbfs,54.3954381223745,54.8596579667881
theta_star,37.837323150749,37.8423442988441
